{
  "name": "bootstrap-daterangepicker",
  "main": [
    "daterangepicker.js",
    "daterangepicker.css"
  ],
  "ignore": [
    "**/.*",
    "node_modules",
    "bower_components",
    "test",
    "tests",
    "moment.js",
    "moment.min.js"
  ],
  "dependencies": {
    "jquery": "1.9.1 - 3",
    "moment": ">=2.9.0"
  },
  "homepage": "https://github.com/dangrossman/bootstrap-daterangepicker",
  "version": "2.1.25",
  "_release": "2.1.25",
  "_resolution": {
    "type": "version",
    "tag": "v2.1.25",
    "commit": "29bbf5a04df69fda363cedb534272ac344524e57"
  },
  "_source": "https://github.com/dangrossman/bootstrap-daterangepicker.git",
  "_target": "^2.1.25",
  "_originalSource": "bootstrap-daterangepicker"
}